app_id,trackName
70,YouTube
71,Audiobooks from Audible
72,Bike Race Free by Top Free Games
73,Podcasts
74,Skype for iPhone
75,Chrome
76,Skype for iPad
77,Springpad
78,Dictionary.com Dictionary & Thesaurus
79,Flow Free
80,LDS Music
81,Dilbert Mobile
82,Pandora Radio
83,Gmail  email from Google
84,Google Drive
85,LinkedIn
87,Evernote
88,Apple Store
89,Flashcards*
90,iTunes U
91,iBooks
92,Facebook
93,Path
94,TED
95,Cisco AnyConnect
96,Find My Friends
97,Battle by Ships ~ PirateFleet 4 Friends
98,Google Translate
99,Alarm Clock Pro
100,Flick Champions HD
101,Camera+
102,Instagram
103,Spotify
104,Twitter
112,Dropbox
115,Flashlight ∞
116,Target
117,Angry Birds Star Wars
118,Google Earth
123,Deseret Bookshelf (LDS ereader)
124,Gospel Library 2.5
125,Sleep Cycle alarm clock
126,Sparrow
137,Fandango Movies – Times & Tickets
138,Shazam
139,BYUtv
140,Tap & Track Calorie Counter (Diets & Exercises)
141,ksl.com
142,Cut the Rope
143,TETRIS®
144,Flashcards Deluxe
145,Netflix
146,Notability
154,Flashlight Ⓞ
161,Words With Friends Free
163,Zombie Farm
181,AroundMe
187,IMDb Movies & TV
188,Hulu Plus
189,MetalStorm: Online
190,Magic Piano by Smule
191,Words With Friends HD Free
192,Yelp
194,eBay for iPad
195,Plague Inc.
197,Yatzy HD
198,Plants vs. Zombies HD
199,Read Me Stories  Children's books
200,Bike Baron Free
201,Hero Academy
202,OLO game
203,Bike Baron
205,The Weather Channel for iPad
206,Flipboard: Your Social News Magazine
207,Fruit Ninja HD
208,The Weather Channel®
211,IMDb Trivia
212,GarageBand
213,Air Hockey Gold
214,Outwitters
215,Catan HD
216,TowerMadness HD
217,Scribblenauts Remix
218,Google+
219,Plants vs. Zombies
220,Jenga
221,Jenga HD
222,Ticket to Ride
223,Interactive Touch Books  for Kids
227,Mirror's Edge for iPad
229,Toca House
231,Zite
232,Domino's Pizza USA
233,iMovie
234,Flickr
235,Sonic & SEGA AllStars Racing
243,The Night Sky
245,Groupon
246,Remote
250,Priceline Hotels, Flights and Cars
251,Doodle Jump
253,Where's My Perry?
254,Shazam Encore
255,Google Search
280,Photo Frame & FX for Instagram,Facebook...
281,Pinterest
282,Nike+ Running
283,Angry Birds Space
284,NPR News
285,MerriamWebster Dictionary
286,iHandy Level Free
287,Flick Kick Football
288,BOGGLE FREE
290,Great Food Nearby: Ness
291,The Economist for iPhone
292,Car Racing Free (Street Racer)
293,Highway Rider
294,iTunes Movie Trailers
295,Pic Stitch
296,Temple Run
297,NPR Music
298,Movies by Flixster, with Rotten Tomatoes
299,Bump
300,Sherlock Holmes  3D Classic Literature
301,Facebook Messenger
303,8tracks Radio  Free Music Playlists
304,PINK Nation
305,Snapchat
306,iFunny :)
307,Voxer WalkieTalkie PTT
308,NYTimes
310,PocketBible Bible Study App
311,Starbucks
312,Period Tracker Lite
314,Photo Editor by Aviary
315,Period Diary (Period, Fertile & Ovulation Tracker)
316,Photo Collage ∞
317,NYTimes for iPad
319,unfollow for Twitter
320,Daily Cardio Workout FREE
322,U.S. Bank
324,PapiJump
325,Bluefire Reader
326,Drop7 FREE by Zynga
329,Bandsintown Concerts
330,Wallpapers HD for iPhone, iPod and iPad
331,Paper Toss 2.0
332,The Impossible Game
333,Action Movie FX
334,Muzy: Photo Editors, Collages, and more
335,Venmo
336,UDOT Traffic
337,Cisco WebEx Meetings
338,GroupMe
339,AirPort Utility
340,Couple  Relationship App for Two
342,iReal Pro  MusicBook & PlayAlong
344,Square Wallet
345,The Wall Street Journal.
346,Circle  The Local Network
347,Etsy
348,My Verizon Mobile
349,Google Voice
350,YP Local Search & Gas Prices
351,BBC News
352,Kroger Co.
359,BuzzFeed
365,Opera Mini Web browser
366,Foursquare
367,iTranslate Voice
368,Layar  Augmented Reality
369,acrossair Augmented Reality Browser
370,Le Monde.fr
372,Eventbrite
373,Le Figaro.fr
374,KAYAK
375,20 Minutes.fr
376,Waze Social GPS, Maps & Traffic
377,Digg
378,junaio Augmented Reality Browser
379,Wikitude
380,Pocket (Formerly Read It Later)
382,Blueprint 3D
383,Blueprint 3D HD
384,Airbnb
385,Citymaps  The Social Map
386,Viber
387,Facebook Pages Manager
388,AutoStitch Panorama
389,Mars Globe
390,Moon Globe
392,SoundHound ∞
393,SoundHound
394,Box for iPhone and iPad
395,myHomework Student Planner
396,STUDYBLUE
397,LifeLock Wallet
398,Tumblr
399,Expedia Hotels & Flights
400,Dragon Dictation
401,Badoo  Meet New People, Chat, Socialize
402,Number Guru  Reverse Phone & Caller Lookup
404,Viggle
405,American Airlines
406,PayPal
407,Wunderlist – ToDo & Task List
408,DIRECTV
409,DIRECTV App for iPad
410,Background Check App  BeenVerified
412,Figure
413,eBay
416,TwitchTV
418,Documents Free (Mobile Office Suite)
420,HP ePrint
421,Draw Something
422,Draw Something Free
428,Diptic
429,Nordstrom
430,HopStop Transit Directions for iPhone
437,First Aid by American Red Cross
438,SoundCloud  Music & Audio Discovery
440,Songza
442,Sphere  360º Photography
443,iMaschine
444,TRUTH or DARE!!!  FREE
445,Bank of America for iPad
446,Bank of America  Mobile Banking
459,Genius Scan  PDF Scanner
460,Urbanspoon
461,TWC TV
462,WatchESPN
472,Day One (Journal / Diary)
473,Apps Gone Free (Best Daily Top App Deals)
474,Cube Racer
475,USA TODAY for iPhone
476,America First Credit Union Mobile Banking
482,SCRABBLE
491,Medscape
492,Tango Text, Voice & Video
493,Junos Pulse
494,KAYAK PRO
495,UpToDate
496,Epocrates
497,Skyscape Medical Resources
503,Yahoo Finance
504,Squaready  Instagram layouter
512,Adobe Reader
514,iHeartRadio – Free Music & Internet Radio Stations
517,Countdown‼ (with Facebook Event Countdowns)
518,Letterpress – Word Game
519,Battle.net Mobile Authenticator
528,Paper Toss
529,Team Stream HD
530,CloudOn (with MS Office® 2010 Suite)
531,Team Stream
532,HeyTell
533,Live Chess
546,Nike Training Club
549,Flashcards+
551,Ruzzle
552,Star Tribune News
553,Ticketmaster
560,Talking Tom & Ben News
561,Speed PRO
562,Dog Whistler  Your Free Dog Whistle
563,Mirror ◎
564,Bingo Bash  Free Bingo Casino
565,Bingo Bash HD  Free Bingo Casino
566,OLD BOOTH MAGIC  AGING FACE
567,Smash Dude®
568,GlassPong2
569,Lucky Lotto Scratch Cards
570,Kik Messenger
571,mood finger scan
572,Talking Tom Cat 2
573,SQUEAK my voice
574,Photo Editor  Fotolr
575,Remote Mouse (Mobile/TrackPad) FREE
576,FatBooth
577,Baldify
578,Remote Mouse
579,Voice Changer Plus
581,Virtual Lighter
584,Tanso Download Manager Plus
585,Tanso Download Manager Free
586,Touchgrind BMX
603,PicFrame
605,Flashlight ☀
616,Hanging With Friends Free
617,Runtastic GPS Running, Walking & Fitness Tracker
632,Stock Wars  Virtual Investing
633,Wrapp
638,Yahoo Sports with Tourney Pickem Bracket Challenge
639,Scramble With Friends Free
640,SKI TRACKS  GPS TRACK RECORDER
644,TripTracker  Live Flight Status Tracker
655,MLB.com At Bat
667,NOOK
668,Video Star
669,VidRhythm
670,Wolfram Calculus Course Assistant
671,Lowe's
673,Words With Friends Pro
675,Chess With Friends
676,Sudoku (Free)
677,Flashlight.
678,Where's My Water? Free
680,Where's My Water?
681,Hanging With Friends
683,Cut the Rope Free
685,JoAnn
686,Scramble With Friends
687,I'd Cap That®
688,Angry Birds Free
690,PapiDrive
699,Hay Day
700,JetBlue
701,Family Feud® & Friends
702,Myspace
704,SloPro  1000fps Slow Motion Video
705,Video Editor FREE
715,UPS Mobile
716,Traffic Rush
718,Convert Units for Free  #1 Unit Conversion App
720,REI
721,Angry Birds Seasons
722,Wikipedia Mobile
724,KaGlom
725,Hotel Tonight
726,TripAdvisor Hotels Flights Restaurants
768,Stitcher Radio for Podcasts
769,WordPress
770,SF Fire Credit Union Mobile Banking
771,Transit App
772,Gigwalk
773,StickWars
774,MONOPOLY Here & Now: The World Edition
775,StumbleUpon!
776,Zynga Poker  Texas Holdem
788,RetailMeNot Coupons
810,White Noise Lite: Relax. Sleep. Better.
811,PocketCloud Remote Desktop  RDP / VNC
812,Google Currents
813,LivingSocial
815,TeamViewer for Meetings
816,OkCupid Dating
817,Adobe Photoshop Express
834,Groove Music Player & Smart Playlists
835,Rolando
836,Dictionary
837,Quick Scan QR Code Reader
841,Amazon Cloud Player
843,Fotopedia Heritage
844,Fotopedia Wild Friends
845,Magisto  Magical Video Editor
846,Clash of Clans
847,Alarm Clock Free
848,Siege Hero
849,GPlayer
850,Infinity Blade
851,Infinity Blade II
853,Fatify
854,AP Mobile
855,AnyList – Grocery Shopping List & Recipes
856,Tiny Troopers
857,iMobsters
858,iHandy Translator Free
859,Inception  The App
861,Eternity Warriors 2
862,Bloomberg Businessweek+
863,iStudiez Pro
864,DEAD TRIGGER
865,Snake ~ Best Free Classic Worm and Serpent Game
866,Frontline Commando
867,Are You Smarter Than a 5th Grader?® & Friends Free
868,Pic Collage
869,My Horse
870,Vevo  Watch Music Videos
871,iFighter 2: The Pacific 1942 by EpicForce
872,Epicurious Recipes & Shopping List
874,FreeFlight
875,B&N Bookstore
876,Trigger Fist
877,CamScanner Free
878,AgingBooth
881,TimerCam  Self Timer Camera
882,Walgreens
883,JackThreads
884,Photosynth
886,Spider Solitaire by MobilityWare
887,Goodbudget (EEBA Budget)
888,EasyMeasure  Measure with your Camera!
890,Hit Tennis 2
891,LINE
895,Mixcloud  Radio & DJ mixes
896,TuneIn Radio Pro
897,TuneIn Radio
899,Yahoo! Messenger  free SMS, video & voice calls
900,Knot Guide (100+ knots)
901,SongPop
902,Photo Frame & FX Pro for Instagram,Facebook...
903,Photo Frame & FX for Instagram,Facebook...
904,Scriptorian
905,WolframAlpha
906,Newsify: Your News, Blog & RSS Feed Reader
907,Tempo SlowMo  BPM Slow Downer
909,MacHash News
910,Brushes 3
911,USAA Mobile
913,NBA Game Time 20132014
917,Blue Letter Bible
930,Onavo Extend
933,Yahoo Sports
938,Zappos Mobile
939,Bloomberg
940,LastPass for Premium Customers
941,Bloomberg for iPad
942,Feedly Reader
943,PrintDirect for iPhone/iPod Touch
944,AltaMail
945,Wikipanion
946,Pocket: Save Articles and Videos to View Later
947,Wikipanion for iPad
950,eBay Motors
951,iTeleport Remote Desktop  VNC & RDP
952,WATCH Disney Junior
953,Genius Scan+  PDF Scanner
955,Buffer for Twitter and Facebook
956,SkyGrid
957,Readability
958,TradePub.com for iPad
959,AppRadio
960,ShopAdvisor iPad Edition
962,Klout for iPhone
963,ShopAdvisor
964,Disneyland Wait Times Free
971,Jackson Hole
974,MLB.com At the Ballpark
979,Rightmove Property Search
983,City Maps 2Go Pro  Offline Map and Travel Guide
988,Disneyland Maps Free
989,City Maps 2Go  Travel Guide and Offline Map
1000,iGun Pro  The Original Gun Application
1008,Meme Generator by MemeCrunch
1009,Tap Fish 2
1015,Talkatone free calls + texting
1034,Concur  Travel, Receipts, Expense Reports
1063,The Onion
1107,Tiny Piano
1109,Subway Surfers
1110,Saudi Matches
1111,Keek
1112,Ustream
1113,Zello Walkie Talkie
1136,A Year of Riddles
1139,Jetpack Joyride
1140,MustHave Recipes from Better Homes and Gardens
1141,Dream Talk Recorder
1142,E*TRADE Mobile for iPhone
1146,Weight Watchers Mobile
1148,Camera Awesome
1150,Rebtel: Cheap and Free International Calls
1151,Rdio
1153,Pinball HD for iPhone
1155,Pinball HD
1156,Lane Splitter
1158,WORMS
1160,Google Authenticator
1161,Lose It! – Weight Loss Program and Calorie Counter
1162,Catan
1163,iExplorer
1164,GoToMeeting
1165,TripIt  Travel Organizer  FREE
1166,POLITICO
1168,The New Yorker Magazine
1169,Nest Mobile
1170,Instapaper
1171,Cut the Rope: Experiments
1172,Gogo Inflight Internet
1173,How to Cook Everything
1174,Life360  Family Locator, Messaging and More
1175,Cooking Dash
1187,Digimarc Discover
1239,Worms HD
1260,app•lab
1263,PicShop Lite  Photo Editor
1264,PicShop HD  Photo Editor
1266,Goodreads
1267,Pleco Chinese Dictionary
1268,WeChat
1269,Chinese English Dictionary Free 英中字典
1270,搜狐视频
1291,My Library
1401,The Photo Cookbook – Quick & Easy
1411,XFINITY TV Remote
1415,XFINITY Connect
1424,Interval Timer  Seconds by Runloop
1427,Seconds Pro  Interval Timer
1429,Pocket God
1430,Ebook Reader
1431,Adobe® Connect Mobile for iOS
1434,Headspace.com  meditation & mindfulness
1435,네이버 웹툰  Naver Webtoons
1436,KakaoTalk Messenger
1437,Cytus
1439,Pink Pad Period & Fertility Tracker Free
1442,The CW Network
1445,Vimeo
1449,Khan Academy
1455,Reminder & Countdown free
1456,Toodledo  To Do List
1458,mSecure Password Manager
1460,Bible
1465,Slide ►
1466,PowerSchool for Students
1467,Clear – Tasks, Reminders & ToDo Lists
1468,Vintique
1469,FrameMagic Lite
1473,The Washington Post for iPad
1474,Wimp.com  Family Friendly Videos
1475,Wash Post
1476,the little crane that could
1477,ACTStudent
1478,Google Play Books
1479,WATCH ABC Family
1480,Talking Carl!
1483,Angry Birds HD Free
1484,Angry Birds
1485,Huffington
1488,5K Runner: 0 to 5K run training, free
1489,Card Shark Collection (Deluxe)
1490,Card Shark Solitaire
1492,Head Soccer
1494,EyeFi
1499,Rat On A Snowboard
1505,InNOut
1507,SignNow  Sign and Fill PDF & Word Documents
1509,PrintForte
1510,Printer Test for Print Magic
1511,Lufthansa for iPad
1512,xkcd
1515,Men’s Health Magazine
1516,Doodle Jump FREE
1517,Alien Blue for iPad  Reddit Client
1518,Alien Blue  Reddit Client
1519,Bejeweled
1522,ooVoo Video Call, Text and Voice
1524,Print Utility
1525,Plex
1527,Atomic Fart FREE
1529,Walk Tracker  GPS Fitness Tracker for Walkers
1531,Tecarta Bible
1532,The Holy Bible  King James Version
1534,NRA
1535,ATP/WTA Live
1536,HauteLook | NordstromRack.com
1537,Learn Japanese  Phrasebook for Travel in Japan
1539,YBM English Korean English DIC
1541,MLS Matchday
1543,Phonto  Text on Image
1544,Wikia Game Guides  Walkthroughs, Tips, and Cheats
1545,Chinese Writer by trainchinese
1548,SketchBook Mobile
1555,MakeUp
1557,Yowza!! Mobile Coupons
1559,The Simpsons: Tapped Out
1560,HBO GO
1561,Cineplex Mobile
1563,iHandy Translator Pro
1564,Font Maker
1565,Fling!
1566,Rat On The Run
1567,Mega Run  Redford's Adventure
1568,Slacker Radio
1569,The Sims FreePlay
1571,The DailyHoroscope
1574,National Geographic Magazine
1575,Aurasma
1576,InstaEditor  Instant Photo Editor!
1579,Any.DO Task & Todo List
1582,Crackle  Movies & TV
1585,DC Comics
1586,Marvel Comics
1587,Microsoft Lync 2010 for iPad
1588,Microsoft Lync 2010 for iPhone
1589,WATCH ABC
1591,Sudoku (Full Version)
1596,The Room
1597,Poshmark: Buy & Sell Fashion
1598,Pocket Light Meter
1600,INRIX XD Traffic Maps, Routes & Alerts
1602,Microsoft Tag
1604,Dragon Go!
1605,Dragon for Salesforce
1610,Chess With Friends Free
1611,Chess  Play & Learn
1616,HDR FX Pro
1617,360 Panorama
1618,Backgrounds
1619,ntouch
1620,The Motley Fool
1621,Learn Portuguese by MindSnacks
1622,Eijiro on the WEB for iPhone（ALC Press Inc）
1624,iZip  Zip Unzip Unrar Tool
1625,Learn Chinese (Mandarin) by MindSnacks
1626,Learn Spanish by MindSnacks
1627,Hawaiian Words  Translation and Dictionary
1628,Show of Hands
1631,Qrafter  QR Code and Barcode Reader and Generator
1634,Barcodes Scanner
1636,Gas Cubby FREE  Fuel Economy & Service Log
1638,Phrase Party!
1639,QQ
1640,MeituPic
1641,Workout Trainer
1644,OverDrive – Library eBooks and Audiobooks
1650,Beatwave
1652,SNOCRU | Ski & Snowboard Tracking
1653,Arcade Hoops Basketball Free
1655,Paint Sparkles Draw  My First Coloring Book HD!
1665,foodgawker lite
1672,Frametastic
1673,RhymeNow Free Edition
1687,Carcassonne
1688,Grocery iQ
1710,Skitch  Snap. Mark Up. Send.
1733,Learn German  Phrasebook for Travel in Germany
1743,Mega Jump
1747,iFarmers
1751,MapQuest: Maps, GPS, Voice Navigation & Traffic
1754,Cedar Point
1755,Edmunds Car Reviews & Prices
1789,Control4 MyHome  iPad version
1790,Control4 MyHome  iPhone version
1813,Sleep101
1814,Akinator the Genie
1832,DragonVale
1833,Awards Guide: The Oscars®
1866,Vanity Fair Digital Edition
1867,Maxim+ Magazine
1873,Doodle Sprint!
1876,EnglishSpanish Reference Dictionary
1880,Learn Sports Trivia
1892,Dashlane Password Manager & Secure Digital Wallet
1899,AutoRap by Smule
1902,Crackle  Movies & TV
1911,SAT Vocab by MindSnacks
1914,My Wonderful Days : Daily Journal/Diary
1948,Prezi
1962,Puffin Web Browser Free
1963,Puffin Web Browser
2016,iMtG
2041,有道词典本地增强版—Youdao Dictionary Professional Edition
2120,Star Walk  5 Stars Astronomy Guide
2127,Sketch Pad 3  Unlimited Canvas
2152,Bookshelf
2170,Sports Tracker
2195,QQ 浏览器 –上网最快、小说视频新闻一网打尽的手机浏览器
2223,Soccer Showdown
2323,SimplePhysics
2325,Charge Your Brain
2326,Charge Your Brain HD
2327,Delta Community Mobile Banking
2345,Krispy Kreme Hot Light
2361,Momento (Diary/Journal)
2376,Make a Meme+
2420,My Paper Plane 3
2426,Characters and Symbols LITE
2502,Rick Steves' Audio Europe
2503,Band Of The Day
2504,Currency
2505,BustIt
2506,Cooking Dash Deluxe
2508,LINE camera  Selfie & Collage
2509,My FiOS
2510,GateGuru, Airport Info & Flight Status
2511,Mac Life: the ultimate Apple magazine
2512,Sphero
2514,BATTLESHIP FREE
2518,Audiobooks
2520,Barron's
2521,WSJ Live
2526,Launcher  Quick Actions and Shortcuts!
2530,Kohl's
2532,Living Earth  Clock & Weather
2533,Jetsetter Hotels and Last Minute Travel Deals
2536,Bubble Mania
2538,Sport Team ManagementTeamSnap
2540,I Am TPain 2.0
2548,Deck Pass
2550,Piano Free with Songs
2552,Bejeweled Blitz
2555,The Economist for iPad
2556,FreeCell Free
2557,Spider Solitaire Free by MobilityWare
2558,Gin Rummy ⋆
2574,Tory Daily
2577,Scanner Pro by Readdle
2612,WATCH Disney Channel
2614,CamWow: Free photo booth effects live on camera!
2627,Contract Killer
2628,Extreme Road Trip
2629,FlightAware Flight Tracker
2644,Alarm Clock HD  Free
2645,SnipSnap Coupon App
2646,Wedding Dash
2648,Mirror
2688,Camera360 Ultimate
2702,Game for Kittens
2733,Ubersense Coach: Slow Motion Video Analysis
2768,Riddles FREE
2923,PicPlayPost
2971,Lyrics Lite  LyricFind
3016,GuitarToolkit
3032,Things for iPad
3041,Things
3097,Grabatron
3110,EpicMix
3116,Amtrak
3162,Postagram: Print & Send Photo Postcards
3181,Toca Hair Salon  Christmas Gift
3195,Hours Tracker: Time Tracking & Time Sheet with GPS
3319,VIP Poker
3381,Cinemagram  create and share moving photos